
006155 Hotel -Prague CZ 145774 HILTON PRAGUE HILTON PRAGUE 186 00 PRAGUE CZ guestcentre.prague@hilton.com 21-Oct-15 this shipment is for an Investigator Meeting. The equipment is  for training purpose. will not be charged 
  006155 5002 US 146141 5002 Dr. Jarratt  Mikell  Clinical Research of Gastonia 1010 Xray Dr 28054 Gastonia US  NC 0017046757144 0017046712322 mjarratt@crgastonia.com 2-Nov-15 5-Nov-15 586407931720 FedEx initial shipment 15003907 OD Nov-15 
  006155 5007 US 145984 5007 Dr. Samson  Mercedes  American Clinical Trials 90716 Hawaiian Gardens US  CA 0017148652348 0015628604405 actsamson@yahoo.com 2-Nov-15 5-Nov-15 586407931763 FedEx initial shipment 15003909 OD Nov-15 
  006155 5008 US 145985 5008 Dr. Sibille  Scott  Sunset Medical Research 990 Napoleon Avenue 70584 Sunset US  LA 0013376622129 0013376622118 scottsibillemd@yahoo.com 2-Nov-15 5-Nov-15 586407931969 FedEx initial shipment 15003911 OD Nov-15 
  145986 5009 US 145986 5009 Dr. Johnston  Douglas   Clinical Research of Charlotte 28277 Charlotte US  NC 0019802074957 0017043419996 djohnston@asthmanc.com 2-Nov-15 5-Nov-15 586407931730 FedEx initial shipment 15003912 OD Nov-15 
  006155 5015 US 146156 5015 Dr. Given  John  Allergy and Respiratory Center 4048 Dressler Road NW 44718 Canton US  OH 0013304793333 0013304793334 jtgivenmd@neo.rr.com 2-Nov-15 5-Nov-15 586407931741 FedEx initial shipment 15003913 OD Nov-15 
  006155 5018 US 146162 5018 Dr. Gorton  Sidney   Belzoni Clinical Research 107 Church Street 39038 Belzoni US  MS 0016622472105 0016622473779 Spepper8@bellsouth.net 2-Nov-15 5-Nov-15 586407931752 FedEx initial shipment 15003914 OD Nov-15 
  006155 5019 US 146163 5019 Dr. Thompson  Ernest  SOUTHERN CLINICAL RESEARCH CLINIC 4917 W. Park Drive 70791 Zachary US  LA 0012256549901 0012256549902 doctor@southernclinicalresearch.com 2-Nov-15 5-Nov-15 586407931774 FedEx initial shipment 15003915 OD Nov-15 
  006155 2031 AT 146169 2031 Dr. Ablinger  Othmar   Ordination Dr. Othmar Ablinger Traunuferarkade 1 4600 Thalheim bei Wels AT 00437242350053 004372423500534 ordination@lunge-ablinger.at 11/4/2015 11/9/2015 4680985805 DHL Express intial shipment 15003943 OD Nov-15 
  006155 2032 AT 146170 2032 Dr. Forstner  Bernhard  Ordination Dr. Bernhard Forstner Kaiser Josef Platz 32 4600 Wels AT 00437242351585 004372423515854 office@derlungenarzt.at 11/4/2015 11/9/2015 4680987780 DHL Express intial shipment 15003944 OD Nov-15 
  006155 2351 HU 146126 2351 Dr. Bánfi Andrea  Svabhegyi Gyogyintezet Bokor u. 17- 21 1037 Budapest HU 0036207797319 003613958363 0036207797319 abanfi@t-online.hu 11/4/2015 11/16/2015 3039972880 DHL Express intial shipment 15003945 OD Nov-15 
  006155 2352 HU 146127 2352 Dr. Csicsári Katalin  Dr. Csicsári Katalin ev. Szakrendelés Tüd?gyógyászat Vallon út 4. 3300 Eger HU 003636411473 003636786232 0036205674134 csicsaridr@gmail.com 11/4/2015 11/16/2015 3039971362 DHL Express intial shipment 15003946 OD Nov-15 
  006155 2353 HU 146128 2353 Dr. Kurucz  Aniko  Városi Rendel?intézet Tulipan u.35   4080 Hajdúnánás HU 0036205675255 003652382250 0036205675255 kuruczaniko7@gmail.com 11/4/2015 11/16/2015 3039966532 DHL Express intial shipment 15003948 OD Nov-15 
  006155 2354 HU 146129 2354 Dr. Szabó  Csilla  BKS Research Kft. Balassi Balint u. 16. 3300 Hatvan HU 0036303639824 003637340272 0036303639824 csilla.szabo.md@gmail.com 11/4/2015 11/16/2015 6490161860 DHL Express intial shipment 15003950 OD Mar-16 
  006155 2355 HU 146130 2355 Dr. Schlezák Judit  Selye János Kórház-Tüd?gondozó Szakrendelés Beöthy Zsolt u. 4 2900 Komarom HU 0036203433291 003634346434 0036203433291 schl.judit@gmail.com 11/4/2015 11/16/2015 3039964561 DHL Express intial shipment 15003951 OD  Nov-15 
  006155 2356 HU 146131 2356 Dr. Bánvölgyi Aranka  Principal SMO Mako Lonovics sugárút 15. Lonovics sgt. 15. 6900 Makó HU 003662213422 003662209557 0036205144066 aranka.banvolgyi@gmail.com 11/4/2015 11/16/2015 3039960825 DHL Express intial shipment 15003952 OD Nov-15 
  006155 2357 HU 146132 2357 Dr. Czompó Márta Dr. Czompó Tüd?gyógyászat Mónus Illés u. 46-48. 9024 Gy?r HU 0036302377468 003696411861 0036302377468 info@czompo.hu 11/4/2015 11/16/2015 3039957900 DHL Express intial shipment 15003953 OD Nov-15 
  006155 2358 HU 146134 2358 Dr. Radeczky  Éva Farmakontroll Bt. Klinikai Farmakológiai szakrendelés Gesztenyés u. 10.. 2440 Százhalombatta HU 0036209506515 003623350361 003623350361 eva.radeczky@gmail.com 11/4/2015 11/16/2015 6490160051 DHL Express intial shipment 15003954 OD Mar-16 
  006155 2359 HU 146135 2359 Dr. Márk Zsuzsanna  Munkácsy Mihály u. 70. 2045 Törökbálint HU 003623511570 003623330556 0036307571908 markzsuzsa@torokbalintkorhaz.hu 11/4/2015 11/16/2015 6490157962 DHL Express intial shipment 15003955 OD Mar-16 
  006155 5004 US 146143 5004 Dr. Okwara  Benedict  Monroe Pharmaceutical Research 602 South Sutherland Ave  28112 Monroe US  NC 0017042837359 0017042837329 bokwara@aol.com 6-Nov-15 10-Nov-15 586407932082 FedEx initial shipment 15003983 OD Nov-15 
  006155 5005 US 145982 5005 Dr. Pham  David  PNTN Inc. DBA Allianz Medical &Research Center 92683 Westminster US  CA 0017148870400 0017148870701 david_phammd@yahoo.com 6-Nov-15 10-Nov-15 586407932071 FedEx initial shipment 15003984 OD Nov-15 
  006155 2191 EE 146230 2191 Dr. Prikk  Kaiu  Medicum Ltd Punane 61 13619 Tallinn EE 0037256988426 003726050774 kaiu.prikk@medicum.ee 11/13/2015 11/17/2015 9161842303 DHL Express intial shipment 15004072 OD Nov-15 
  006155 2192 EE 146233 2192 Dr. Jogi  Rain  Tartu University Hospital Riia 167 51014 Tartu EE 003727318918 003727318920 rain.jogi@kliinikum.ee 11/13/2015 11/17/2015 9161846422 DHL Express intial shipment 15004073 OD Nov-15 
  006155 2033 AT 146297 2033 Dr. Pohl Wolfgang Krankenhaus Hietzing mit Neurologischem Zentrum Rosenhügel Wolkersbergenstraße 1 1130 Wien AT 00431801102472 00431801102746 wolfgang.pohl@wienkav.at 11/13/2015 11/17/2015 9161851160 DHL Express intial shipment 15013408 SD/ 15004074 OD Nov-15 
  006155 2034 AT 146312 2034 Dr. Hartl Sylvia Baumgartner Höhe 1 1140 Wien AT 0043 1 910 60 42002 0043 1 910 60 49822 sylvia.hartl@wienkav.at 11/13/2015 11/17/2015 9161853153 DHL Express intial shipment 15004075 OD Nov-15 
  006155 SHP PH 145034 SHP 1229 Makati City  PH 006323687741 006328124445 000639175366185 11/18/2015 7309806210 15004138 OD initial shipment Jul-16 
  006155 SHP CN 145181 SHP Lylian Novartis Shanghai 201203 CN jie.guo@novartis.com 11/18/2015 937882433 15004139 OD initial shipment (20 site devices + 2 spare ) Mar-17 
  006155 2391 IC 146277 2391 Dr. Bjoernsdottir Unnur Steina Laeknasetrid Thonglabakki 1 109 Reykajvik IC 00354 535 7701 00354 535 7735 00354 863 4546 usb@setrid.is 11/18/2015 9820603741 DHL Express 15004140 OD initial shipment Jan-16 
  006155 SHP SG 144941 SHP Calata Manuel  Novartis (Singapore) Pte Ltd 117439 Singapore SG  006592318095 006563234335 manuel.calata@novartis.com 11/18/2015 7950096803 DHL Express 15004141 OD initial shipment Apr-16 
  006155 SHP VN 144683 SHP Thuy Hong Ho Thi  Vietnam Representative Office of Novartis Pharma Services AG VN 0084838239090 (ext 225) 0084838239595 0084918830212 ho_thi_thuy.hong@novartis.com 11/18/2015 initial shipment 
  006155 1826    2721 VN 146856 1826  2721 Prof. MD. PhD Ngo Quy Chau Bach Mai Hospital  100000 Hanoi VN +84902018668 +84902018668 ngoquychaubmh@gmail.com 11/18/2015 9112056472 15004222 OD initial shipment Jun-16 
  006155 1827 VN 146857 1827 MD. Specialist I To My Huong Pham Ngoc Thach Hospital 700000 Ho Chi Minh City VN +84918062336 tomyhuong@gmail.com 11/18/2015 15004223 OD initial  Site is canceled 
  006155 1828 2723 VN 146863 1828   2723 A. Prof. MD. PhD Le Thi Tuyet Lan  Ho Chi Minh City University Medical Center  700000 Ho Chi Minh City  VN tuyetlanyds@gmail.com 11/18/2015 9112064150 initial shipment Jun-16 
  006155 2064 BE 146237 2064 Dr. Bolly Antoine Route d'Andenne 4B 5310 Eghezee BE 0032497530250 003281261183 0032497530250 antoinebolly60@msn.com 11/18/2015 11/26/2015 3712435020 DHL Express 15004171 OD initial shipment Nov-15 
  006155 2065 BE 146239 2065 Dr. Martinot Jean-Benoit Private Practice Dr. Jean-Benoit Martinot Cabinet privé Chaussée de Marche 569 5101 Erpent BE 003281310325 003281311425 martinot.j@respisom.be 11/18/2015 11/26/2015 3712449296 DHL Express 15004172 OD initial shipment Nov-15 
  006155 5003 US 146142 5003 Dr. Johnson  David  2900 Hawkins Dr 72143 Searcy US AR 0015012792476 0015012782800 researchmd@pcrstudies.com 1-Dec-15 7-Dec-15 586223900191 FedEx initial shipment 15004330 OD Dec-15 
  006155 5006 US 145983 5006 Dr. Riser  James  RISER MEDICAL RESEARCH 2274 Highway 43S 39466 Picayune US MS 0016016017985228 0016017985914 RiserResearch@aol.com 1-Dec-15 7-Dec-15 586223900206 FedEx initial shipment 15004331 OD Dec-15 
  006155 5011 US 145988 5011 Dr. Sigal  Barry  Southeastern Research Center 27103 WinstonSalem US NC 0013366598414 0013367653160 bsigal@salemchest.com 1-Dec-15 7-Dec-15 586223900217 FedEx initial shipment 15004335 OD Dec-15 
  006155 5014 US 146152 5014 Dr. Daboul  Nizar  6450 Wheatstone Ct. 43537 Maumee US OH 0014198666300 0014198667170 daboulmd@gmail.com 1-Dec-15 7-Dec-15 586223900228 FedEx initial shipment 15004336 OD Dec-15 
  006155 5016 US 146158 5016 Dr. Diaz  Joseph  78229 San Antonio US TX 0012106160894 0012106920710 jddiazmd@aol.com 1-Dec-15 7-Dec-15 586223900239 FedEx initial shipment 15004337 OD Dec-15 
  006155 5023 US 146168 5023 Dr. Yarbrough  John  Allergy & Asthma Clinic of Northeast Georgia 520 Jesse Jewel Parkway 30501 Gainesville US GA 0017705340534 0017702971184 jaydry@gmail.com 1-Dec-15 7-Dec-15 586223900240 FedEx initial shipment 15004338 OD Dec-15 
  006155 2401 LV 146720 2401 Dr. Babjoniseva Aurika P.Stradins CUH Centre of Lung diseases Pilsonu str. 13 LV-1002 Riga LV 0037167069267 0037129474117 aurikab@yahoo.co.uk 12/8/2015 12/21/2015 8297081660 15004454 OD initial shipment Dezember 2015 
  006156 6192 IT 147916 6192 Dr.  Pelaia  Girolamo  AOU Policlinico Mater Domini - Univ. Magna Graecia Catanzaro 88100 Catanzaro IT 003909613647302 003909613647193 pelaia@unicz.it 7/7/2016 7/14/2016 7449381122 16002478 OD Jul-16 
  006156 SHP JP 144620 SHP 105-6333 Tokyo  JP 0081368998684  0081362573609 00818090470301 kana-1.amano@novartis.com and satomi.shiozuka@novartis.com 7/7/2016 7/19/2016 7312309933 16002486 OD initial equipment for additional sites 6266 6268 6269 Jul-16 
  006156 6205 IT 148245 6205 Dr. Harari Sergio U.O. Pneumologia Ospedale S. Giuseppe - Gruppo Multimedica Via San Vittore 12 20123 Milano IT 00393394700199 sharari@hotmail.it 7/14/2016 7/22/2016 6307082246 16002560 OD Initial Shipment Jul-16 
  006156 6204 IT 148244 6204 Prof.  Centanni Stefano 20142 MILANO IT 00390281843025 0039028184302937 stefano.centanni@unimi.it 7/19/2016 7/22/2016 6726566011 16002591 OD initial shipment Jul-16 
  006156 5219 US 146185 5219 Dr. Bleecker Eugene Cloverdale Clinical Research Center 2132 Cloverdale Ave. 27103 Winston Salem US NC 0013367138550 0013367138532 ebleeck@wfubmc.edu 10-Aug-16 15-Aug-16 666292862853 16002827 OD initial shipment Aug-16 
  006156 6780 SK 146001 6780 Dr. Hrebenar  Slavomir  Plúcna ambulancia Hrebenár s.r.o. Fabiniho 15 052 01 Spisská Nová Ves SK 00412534410442 00421534297157 00421905783449 slavomir.hrebenar@gmail.com 8/17/2016 8/22/2016 9641056784 16002876 OD Aug-16 
  006156 Hotel - Philadelphia US 151332 Philadelphia Marriott Greco Lauren Philadelphia Marriott 1201 Market St 19107 Philadelphia US PA 24-Aug-16 This shipment is for an IM - Training purposes will not be charged 
  006156 6772 SK 145993 6772 Dr. Plutinsky  Jan  ZAPA JJ s.r.o  NsP Levice - ul. SNP 19 934 01 Levice SK 00421905681645 00421366336242 plutinsky@snzobor.sk 8/25/2016 8/31/2016 2449577874 16002999 OD Aug-16 
  006156 SHP JP 144620 SHP 105-6333 Tokyo  JP 0081368998684  0081362573609 00818090470301 kana-1.amano@novartis.com and satomi.shiozuka@novartis.com 8/29/2016 9/12/2016 2745142046 16003003 OD Sep-16 
  006156 6256 JP 148306 6256 Dr. Miyazawa Naoki Saiseikai Yokohama City Nanbu Hospital 234-8503 Yokohamacity JP Kanagawa 0081458321111 0081458328578 hataday@nanbu.saiseikai.or.jp 8/31/2016 9/7/2016 29325488635 16003047 OD Sep-16 
  006155 2507 PL 150265 2507 Prof. Bodzenta Lukaszyk  Anna  Uniwersytecki Szpital Kliniczny- ul. M.SklodowskiejCurie 24 A 15-276 Bialystok PL 0048857468373 0048857468601 abodzentalukaszyk@gmail.com 9/8/2017 9/12/2017 4417266055 17003338 OD 2nd test kit 50 as per ticket  CC170904000  Sep-17 
  006155 5041 US 151135 5041 Dr.  Shapero Paul 04401 Bangor US ME 0012079478658 0012079474440 allergyme@gmail.com 12-Sep-17 19-Sep-17 712487767358 17003359 OD resupply shipment CC170905158 Sep-17 
  006155 2233 FR 147509 2233 Dr. Taille Camille 46 rue Henri Huchard 75018 Paris FR 0033140256806 0033140248818 camille.taille@aphp.fr 9/13/2017 9/15/2017 7061223606 17003378 OD 2nd test kit 50 as requested per ticket CC170906034 Sep-17 
  006155 5035 US 150713 5035 Dr. Kureishy  Shahrukh  4833 Medical Center Drive Unit 6B 75069 McKinney US TX 0019728381892 0019728381896 shahrukh_kureishy@yahoo.com 15-Sep-17 21-Sep-17 17003441 OD resupply shipment CC170902871 Sep-17 
  006155 2532 RO 147015 2532 Dr. Man  Milena  Clinic or Hospital: Leon Daniello  6 B.P.Hasdeu Street 400371 Cluj Napoca RO 0040742029662 0040264592933 manmilena50@yahoo.com 9/18/2017 9/20/2017 9781833935 17003442 OD 2nd NO scrubber as per ticket CC170907875 Sep-17 
  006155 2040 AT 157482 2040 Dr. Huber Alexander Ordination Dr. Alexander Huber Mozartstrasse 26 3300 Amstetten AT 0043747262506 00437472625062 dr.alexander.huber@gmail.com 9/20/2017 9/27/2017 4276656171 17003499 OD initial shipment Sep-17 
  006155 2357 HU 146132 2357 Dr. Czompó Márta Dr. Czompó Tüd?gyógyászat Mónus Illés u. 46-48. 9024 Gy?r HU 0036302377468 003696411861 0036302377468 info@czompo.hu 9/21/2017 9/25/2017 3252292131 17003517 OD 3rd test kit 50 as requested per ticket  CC170910154  Sep-17 
  006155 2547 RO 147584 2547 Dr. Duca  Liliana  500283 Brasov RO 0040740072151 0040268311583 liliduca@yahoo.com Attn: SC Daniela Negri  9/26/2017 9/28/2017 4288555235 17003578 OD 2nd NO scrubber as requested per ticket CC170912703  Dec 2017 
  006155 2002 AU 149742 2002 Dr. Hew  Mark  55 Commercial Road 3004 Melbourne AU VIC 0061390762934 006139076 2245 M.Hew@alfred.org.au 9/28/2017 ASAP 06.10.2017 7411630671 17003636 OD Oct-17 
  006155 2001 AU 149625 2001 Dr. Sutherland  Michael  Austin Health 3084 AU 00610398173155 00610394966698 ms@drmichaelsutherland.com.au 9/28/2017 10/6/2017 7411640180 17003646 OD Oct-17 
  006155 2005 AU 150394 2005 Dr. Bardin Philip Monash Health 3168 Clayton AU VIC 00610395942281 00610395946415 Philip.bardin@monash.edu 9/28/2017 10/6/2017 7411655252 17003648 OD Oct-17 
  006155 2541 RO 147452 2541 Dr. Savu  Angelica  Angisan Grup SRL 077025 RO 0040722 322 440 0040214480472 angelica.savu@gmail.com 9/29/2017 10/4/2017 8468157154 17003672 OD Oct-17 
  006155 5043 US 151249 5043 Dr.  Sekhsaria  Sudhir  21162 White Marsh US MD 0014109339407 0014109339408 asthma4@yahoo.com Attn: Lora Conn  4-Oct-17 9-Oct-17 712487768755 FedEx 17003699 OD resupply shipment CC171000549 Oct-17 
  006155 2464 PH 147202 2464 Dr. Atienza  Tito Veterans Memorial Medical Center 1101 Quezon City PH 006329289286 006324269653 00639178490564 drtito104@yahoo.com 10/4/2017 10/10/2017 8653233551 + 8674529451 17003714 OD 2nd NO scrubber and add. test kit 50 based on CC171000310 Oct-17 
  006155 5042 US 151136 5042 Dr.  Tarpay  Martha  73120 Oklahoma City US OK 0014057557676 0014057527305 tarpay@swbell.net 6-Oct-17 10-Oct-17 744532944479 FedEx 17003750 17003756OD resupply shipment CC171002976 Oct-17 
  006155 2064 BE 146237 2064 Dr. Bolly Antoine Route d'Andenne 4B 5310 Eghezee BE 0032497530250 003281261183 0032497530250 antoinebolly60@msn.com 10/9/2017 10/11/2017 3417714473 17003764 OD Oct-17 
  006155 2545 RO 147562 2545 Dr. Alexandrescu  Dana  SC Clinica Pneumomedica SRL 500086 Brasov RO 0040721375463 0040368434401 adanaso1970@yahoo.com 10/11/2017  URGENT !!! 13.10.2017 5995722342 17003819 OD 1 new device based on CC171004729 Oct-17 
  006155 2634 CH 146139 2634 Prof. Dr. med. Leuppi  Joerg   Kantonsspital Baselland Rheinstrasse 26 4410 Liestal CH 0041619252180 Joerg.leuppi@ksbl.ch 10/11/2017  URGENT !!! 13.10.2017 8954889263                                              1135459463 17003820 OD 2nd test kit 50 and 2nd NO scrubber as per email from CRA Oliver Meub 11Oct2107 Oct-17 
  006155 2297 DE 155435 2297 Dr. med. Laub Otto Franz Studienzentrum Laub GbR Happinger Str. 98 83026 Rosenheim DE 004980313545726 0049803135545736 o.laub@kinderarztlaub.com 10/16/2017 (ASAP) 19.10.2017 no PO number needed -> warranty  will not be charged (warranty) 
YES  006155 2006 AU 159810 2006 Dr. Wark Peter Hunter Medical Research Institute 2305 New Lambton Heights  AU NSW 0061240420110 0061240420046 peter.wark@hnehealth.nsw.gov.au 10/16/2017 11/14/2017 8958685293 17003873 OD initial shipment  Oct-17 
  006155 2360 HU 148653 2360 Dr. Papp  Marta  INFER-MED Kft. Da Vinci Maganklinika Malics Otto u. 1. 7635 Pecs HU 0036306983137 003672510492 drpappm@gmail.com 10/18/2017 10/20/2017 7564462581 17003929 OD 3rd test kit 50 as requested per ticket CC171009518   Oct-17 
  006155 2040 AT 157482 2040 Dr. Huber Alexander Ordination Dr. Alexander Huber Mozartstrasse 26 3300 Amstetten AT 0043747262506 00437472625062 dr.alexander.huber@gmail.com 10/23/2017 10/26/2017 no PO number needed -> warranty  
Yes  006155 2292 DE 151598 2292 Dr. med. Heiner Steffen Praxis Dr. Steffen Bahnhofsplatz 2 86899 Landsberg DE 00498191916820 0049819191680 heiner.steffen@t-online.de 10/25/2017  URGENT !!! 27.10.2017 no PO number needed -> warranty  will not be charged (warranty) 
Yes  006155 5032 US 148545 5032 Dr. Morrow Lee Creighton University Medical Center 7710 Mercy Road Suite 228 68124 Omaha US NE 0014024494533 0014024494526 leemorrow@creighton.edu 26-Oct-17 1-Nov-17 744532945740 17004028 OD resupply shipment CC171013722 Nov-17 
  006155 2232 FR 147447 2232 Prof. de Blay  Frederic  Nouvel Hopital Civil 67091 Strasbourg FR 0033369551473 0033369550375 frederic.deblay@chru-strasbourg.fr Attn: SC Steffie Bourdon 10/26/2017 10/30/2017 9945685643 17004031 OD 3rd test kit as requested per ticket CC171013116  Oct-17 
  006155 2549 RO 151600 2549 Dr. Mihaela Ciobanu Cristina  S.C .Policlinica de Diagnostic Rapid S.A. -Alergology 500366 Brasov RO 0040268960 0040268582125 0040724119080 cciobanu79@yahoo.com 11/6/2017 11/8/2017 4684572406 17004134 OD 3rd test kit as per ticket CC171101617 Dec 2017 
  006155 2402 LV 146721 2402 Dr. Mitrofanova Lilita  503 Samson way arilao St. Michael Family Hospital . Santiago Street  Poblacion II ulacan oom 1214  Research Room    Section on Respiratory Services ttn: Bidelia S. Dionisio  RMT 
tr.  Crisului nr. 1   bloc 1  sc.C scot Clinic inderfield General Hospital berford Road tr. Avram Iancu  nr. 11 opital Nord  llergie et Sommeil   Pavillon Mistral 4eme B Chemin des Bourrely    Clinique des bronches oom E306 in ACLP Building  Shunping RD lesase send PIV to:  liyanxia@hotmail.com  Importer of Record:  ER Health Technology Co. Ltd.  RM1007   Xingfa Plaza   No.45  Zhong Guan Cun Ave   Hai Dian District  Beijing entrum Medyczne Lucyna Andrzej Dymek w Strzelcach Opolskich  
arafialna 1 Street 

































































































































































































































































































































































































































